"","post.mean","l-95% CI","u-95% CI","eff.samp","pMCMC"
"(Intercept)",86.5816326182594,77.1855814234586,96.0180133344693,1834,0.00054525627044711
"tap_catTb",-2.08933131611125,-14.1024069623818,8.67588298271585,1834,0.699018538713195
"tap_catTc",-25.1812027759369,-36.6190485392872,-13.8848081769102,1970.34018624445,0.00054525627044711
