"","post.mean","l-95% CI","u-95% CI","eff.samp","pMCMC"
"(Intercept)",9.19627031591022,6.30751683696872,12.3268392034224,1834,0.00109051254089421
"tap_catTb",1.68233633583145,-1.11581221940287,4.13980462771724,1834,0.19629225736096
"tap_catTc",4.45977218151956,1.92205783240934,7.24008209837484,1834,0.00327153762268262
