"","post.mean","l-95% CI","u-95% CI","eff.samp","pMCMC"
"(Intercept)",7.22161825712358,0.592871209402801,13.9094589152173,1672.10331922025,0.0425299890948745
"tap_catTb",0.410737499943377,-6.4471744615912,7.6419504822552,1834,0.892039258451472
"tap_catTc",13.9920378335978,7.02824580749439,20.6951318875799,1834,0.00109051254089421
